<?xml version="1.0"?>
<project xsi:schemaLocation="http://maven.apache.org/POM/4.0.0 http://maven.apache.org/xsd/maven-4.0.0.xsd" xmlns="http://maven.apache.org/POM/4.0.0"
    xmlns:xsi="http://www.w3.org/2001/XMLSchema-instance">
  <modelVersion>4.0.0</modelVersion>
  <groupId>plt.maven.plugins</groupId>
  <artifactId>postg-maven-plugin</artifactId>
  <version>1.0.5</version>
  <packaging>maven-plugin</packaging>
  <name>post source generate Maven Plugin</name>
  <url>http://maven.apache.org</url>
  <scm>
    <developerConnection>scm:git:http://gitlab.server.sss.com/operation_group/swagger-plugin-parent.git/postg-maven-plugin</developerConnection>
    <url>http://gitlab.server.sss.com/operation_group/swagger-plugin-parent/postg-maven-plugin</url>
  </scm>
  <distributionManagement>
    <repository>
      <id>releases</id>
      <name>Releases</name>
      <url>http://nexyw.sss.com/repository/releases/</url>
    </repository>
    <snapshotRepository>
      <id>snapshots</id>
      <name>Snapshots</name>
      <url>http://nexyw.sss.com/repository/snapshots/</url>
    </snapshotRepository>
  </distributionManagement>
  <properties>
    <maven.compiler.compilerVersion>1.8</maven.compiler.compilerVersion>
    <aetherVersion>0.9.0.M4</aetherVersion>
    <project.build.sourceEncoding>UTF-8</project.build.sourceEncoding>
    <maven.compiler.source>1.8</maven.compiler.source>
    <maven.compiler.target>1.8</maven.compiler.target>
  </properties>
  <dependencies>
    <dependency>
      <groupId>aopalliance</groupId>
      <artifactId>aopalliance</artifactId>
      <version>1.0</version>
      <scope>test</scope>
    </dependency>
    <dependency>
      <groupId>classworlds</groupId>
      <artifactId>classworlds</artifactId>
      <version>1.1-alpha-2</version>
      <scope>test</scope>
    </dependency>
    <dependency>
      <groupId>com.fasterxml.jackson.core</groupId>
      <artifactId>jackson-annotations</artifactId>
      <version>2.8.0</version>
      <scope>compile</scope>
    </dependency>
    <dependency>
      <groupId>com.fasterxml.jackson.core</groupId>
      <artifactId>jackson-core</artifactId>
      <version>2.8.7</version>
      <scope>compile</scope>
    </dependency>
    <dependency>
      <groupId>com.fasterxml.jackson.core</groupId>
      <artifactId>jackson-databind</artifactId>
      <version>2.8.7</version>
      <scope>compile</scope>
    </dependency>
    <dependency>
      <groupId>com.google.guava</groupId>
      <artifactId>guava</artifactId>
      <version>20.0</version>
      <scope>test</scope>
    </dependency>
    <dependency>
      <groupId>commons-io</groupId>
      <artifactId>commons-io</artifactId>
      <version>2.4</version>
      <scope>test</scope>
    </dependency>
    <dependency>
      <groupId>javax.annotation</groupId>
      <artifactId>jsr250-api</artifactId>
      <version>1.0</version>
      <scope>provided</scope>
    </dependency>
    <dependency>
      <groupId>javax.enterprise</groupId>
      <artifactId>cdi-api</artifactId>
      <version>1.0</version>
      <scope>provided</scope>
    </dependency>
    <dependency>
      <groupId>javax.inject</groupId>
      <artifactId>javax.inject</artifactId>
      <version>1</version>
      <scope>provided</scope>
    </dependency>
    <dependency>
      <groupId>junit</groupId>
      <artifactId>junit</artifactId>
      <version>4.8.2</version>
      <scope>test</scope>
    </dependency>
    <dependency>
      <groupId>org.apache.commons</groupId>
      <artifactId>commons-exec</artifactId>
      <version>1.3</version>
      <scope>compile</scope>
    </dependency>
    <dependency>
      <groupId>org.apache.commons</groupId>
      <artifactId>commons-lang3</artifactId>
      <version>3.3</version>
      <scope>compile</scope>
    </dependency>
    <dependency>
      <groupId>org.apache.maven</groupId>
      <artifactId>maven-aether-provider</artifactId>
      <version>3.2.5</version>
      <scope>test</scope>
    </dependency>
    <dependency>
      <groupId>org.apache.maven</groupId>
      <artifactId>maven-artifact</artifactId>
      <version>3.5.0</version>
      <scope>provided</scope>
    </dependency>
    <dependency>
      <groupId>org.apache.maven</groupId>
      <artifactId>maven-compat</artifactId>
      <version>3.2.5</version>
      <scope>test</scope>
    </dependency>
    <dependency>
      <groupId>org.apache.maven</groupId>
      <artifactId>maven-core</artifactId>
      <version>3.2.5</version>
      <scope>test</scope>
    </dependency>
    <dependency>
      <groupId>org.apache.maven</groupId>
      <artifactId>maven-model</artifactId>
      <version>3.5.0</version>
      <scope>provided</scope>
    </dependency>
    <dependency>
      <groupId>org.apache.maven</groupId>
      <artifactId>maven-model-builder</artifactId>
      <version>3.2.5</version>
      <scope>test</scope>
    </dependency>
    <dependency>
      <groupId>org.apache.maven</groupId>
      <artifactId>maven-plugin-api</artifactId>
      <version>3.5.0</version>
      <scope>provided</scope>
    </dependency>
    <dependency>
      <groupId>org.apache.maven</groupId>
      <artifactId>maven-repository-metadata</artifactId>
      <version>3.2.5</version>
      <scope>test</scope>
    </dependency>
    <dependency>
      <groupId>org.apache.maven</groupId>
      <artifactId>maven-settings</artifactId>
      <version>3.2.5</version>
      <scope>test</scope>
    </dependency>
    <dependency>
      <groupId>org.apache.maven</groupId>
      <artifactId>maven-settings-builder</artifactId>
      <version>3.2.5</version>
      <scope>test</scope>
    </dependency>
    <dependency>
      <groupId>org.apache.maven.plugin-testing</groupId>
      <artifactId>maven-plugin-testing-harness</artifactId>
      <version>3.3.0</version>
      <scope>test</scope>
    </dependency>
    <dependency>
      <groupId>org.apache.maven.plugin-tools</groupId>
      <artifactId>maven-plugin-annotations</artifactId>
      <version>3.5</version>
      <scope>provided</scope>
    </dependency>
    <dependency>
      <groupId>org.apache.maven.wagon</groupId>
      <artifactId>wagon-provider-api</artifactId>
      <version>2.8</version>
      <scope>test</scope>
    </dependency>
    <dependency>
      <groupId>org.codehaus.plexus</groupId>
      <artifactId>plexus-archiver</artifactId>
      <version>2.2</version>
      <scope>test</scope>
    </dependency>
    <dependency>
      <groupId>org.codehaus.plexus</groupId>
      <artifactId>plexus-classworlds</artifactId>
      <version>2.5.2</version>
      <scope>provided</scope>
    </dependency>
    <dependency>
      <groupId>org.codehaus.plexus</groupId>
      <artifactId>plexus-component-annotations</artifactId>
      <version>1.5.5</version>
      <scope>provided</scope>
    </dependency>
    <dependency>
      <groupId>org.codehaus.plexus</groupId>
      <artifactId>plexus-container-default</artifactId>
      <version>1.0-alpha-9-stable-1</version>
      <scope>test</scope>
    </dependency>
    <dependency>
      <groupId>org.codehaus.plexus</groupId>
      <artifactId>plexus-interpolation</artifactId>
      <version>1.21</version>
      <scope>test</scope>
    </dependency>
    <dependency>
      <groupId>org.codehaus.plexus</groupId>
      <artifactId>plexus-io</artifactId>
      <version>2.0.4</version>
      <scope>test</scope>
    </dependency>
    <dependency>
      <groupId>org.codehaus.plexus</groupId>
      <artifactId>plexus-utils</artifactId>
      <version>3.0.8</version>
      <scope>compile</scope>
    </dependency>
    <dependency>
      <groupId>org.eclipse.aether</groupId>
      <artifactId>aether-api</artifactId>
      <version>0.9.0.M4</version>
      <scope>test</scope>
    </dependency>
    <dependency>
      <groupId>org.eclipse.aether</groupId>
      <artifactId>aether-impl</artifactId>
      <version>1.0.0.v20140518</version>
      <scope>test</scope>
    </dependency>
    <dependency>
      <groupId>org.eclipse.aether</groupId>
      <artifactId>aether-spi</artifactId>
      <version>1.0.0.v20140518</version>
      <scope>test</scope>
    </dependency>
    <dependency>
      <groupId>org.eclipse.aether</groupId>
      <artifactId>aether-util</artifactId>
      <version>0.9.0.M4</version>
      <scope>test</scope>
    </dependency>
    <dependency>
      <groupId>org.eclipse.sisu</groupId>
      <artifactId>org.eclipse.sisu.inject</artifactId>
      <version>0.3.3</version>
      <scope>provided</scope>
    </dependency>
    <dependency>
      <groupId>org.eclipse.sisu</groupId>
      <artifactId>org.eclipse.sisu.plexus</artifactId>
      <version>0.3.3</version>
      <scope>provided</scope>
    </dependency>
    <dependency>
      <groupId>org.sonatype.plexus</groupId>
      <artifactId>plexus-cipher</artifactId>
      <version>1.4</version>
      <scope>test</scope>
    </dependency>
    <dependency>
      <groupId>org.sonatype.plexus</groupId>
      <artifactId>plexus-sec-dispatcher</artifactId>
      <version>1.3</version>
      <scope>test</scope>
    </dependency>
    <dependency>
      <groupId>org.sonatype.sisu</groupId>
      <artifactId>sisu-guice</artifactId>
      <version>3.2.3</version>
      <classifier>no_aop</classifier>
      <scope>test</scope>
    </dependency>
  </dependencies>
  <repositories>
    <repository>
      <releases>
        <enabled>true</enabled>
      </releases>
      <snapshots>
        <enabled>true</enabled>
      </snapshots>
      <id>nexus</id>
      <name>Nexus</name>
      <url>http://nexus.sss.com/nexus/content/groups/public/</url>
    </repository>
    <repository>
      <snapshots>
        <enabled>false</enabled>
      </snapshots>
      <id>central</id>
      <name>Central Repository</name>
      <url>https://repo.maven.apache.org/maven2</url>
    </repository>
  </repositories>
  <pluginRepositories>
    <pluginRepository>
      <releases>
        <enabled>true</enabled>
      </releases>
      <snapshots>
        <enabled>true</enabled>
      </snapshots>
      <id>nexus</id>
      <name>Nexus</name>
      <url>http://nexus.sss.com/nexus/content/groups/public/</url>
    </pluginRepository>
    <pluginRepository>
      <releases>
        <updatePolicy>never</updatePolicy>
      </releases>
      <snapshots>
        <enabled>false</enabled>
      </snapshots>
      <id>central</id>
      <name>Central Repository</name>
      <url>https://repo.maven.apache.org/maven2</url>
    </pluginRepository>
  </pluginRepositories>
  <build>
    <sourceDirectory>src/main/java</sourceDirectory>
    <scriptSourceDirectory>/Users/lh/git/swagger-plugin-parent/postg-maven-plugin/src/main/scripts</scriptSourceDirectory>
    <testSourceDirectory>src/test/java</testSourceDirectory>
    <outputDirectory>target/classes</outputDirectory>
    <testOutputDirectory>target/test-classes</testOutputDirectory>
    <resources>
      <resource>
        <directory>src/main/resources</directory>
      </resource>
    </resources>
    <testResources>
      <testResource>
        <directory>src/test/resources</directory>
      </testResource>
    </testResources>
    <directory>target</directory>
    <finalName>postg-maven-plugin-1.0.5</finalName>
    <plugins>
      <plugin>
        <artifactId>maven-compiler-plugin</artifactId>
        <version>2.1</version>
        <extensions>false</extensions>
        <configuration>
          <source>1.8</source>
          <target>1.8</target>
        </configuration>
      </plugin>
      <plugin>
        <artifactId>maven-plugin-plugin</artifactId>
        <version>3.5</version>
        <extensions>false</extensions>
        <configuration>
          <goalPrefix>pg</goalPrefix>
          <skipErrorNoDescriptorsFound>true</skipErrorNoDescriptorsFound>
        </configuration>
      </plugin>
    </plugins>
  </build>
  <reporting>
    <outputDirectory>target/site</outputDirectory>
  </reporting>
</project>
